<?xml version="1.0" encoding="UTF-8"?>
<!--
 [y] hybris Platform

 Copyright (c) 2018 SAP SE or an SAP affiliate company.  All rights reserved.

 This software is the confidential and proprietary information of SAP
 ("Confidential Information"). You shall not disclose such Confidential
 Information and shall use it only in accordance with the terms of the
 license agreement you entered into with SAP.
-->
<beans xmlns="http://www.springframework.org/schema/beans"
       xmlns:xsi="http://www.w3.org/2001/XMLSchema-instance"
       xmlns:context="http://www.springframework.org/schema/context"
       xsi:schemaLocation="http://www.springframework.org/schema/beans
		http://www.springframework.org/schema/beans/spring-beans.xsd
		http://www.springframework.org/schema/context
        http://www.springframework.org/schema/context/spring-context.xsd">

  <context:annotation-config/>

  <alias alias="simpleSuggestionFacade" name="defaultSimpleSuggestionFacade"/>
  <bean id="defaultSimpleSuggestionFacade" class="bt.batelco.facades.suggestion.impl.DefaultSimpleSuggestionFacade">
    <property name="simpleSuggestionService" ref="simpleSuggestionService"/>
    <property name="userService" ref="userService"/>
    <property name="categoryService" ref="categoryService"/>
    <property name="productService" ref="productService"/>
    <property name="productConverter" ref="carouselProductConverter"/>
    <property name="cartService" ref="cartService"/>
  </bean>

  <bean id="carouselProductConverter" parent="defaultProductConverter">
    <property name="populators">
      <list merge="true">
        <ref bean="productPricePopulator"/>
      </list>
    </property>
  </bean>

  <alias name="acceleratorVariantOptionDataConverter" alias="variantOptionDataConverter"/>
  <bean id="acceleratorVariantOptionDataConverter" parent="abstractPopulatingConverter">
    <lookup-method name="createTarget" bean="variantOptionData"/>
    <property name="populators">
      <list>
        <ref bean="acceleratorVariantOptionDataPopulator"/>
      </list>
    </property>
  </bean>

	<!-- Bean for order update API process -->
    <alias alias="batelcoOrderUpdateFacade" name="defaultBatelcoOrderUpdateFacade"/>
  <bean id="defaultBatelcoOrderUpdateFacade" class="bt.batelco.facades.order.impl.DefaultBatelcoOrderUpdateFacade">
     <property name="batelcoOrderUpdateService" ref="batelcoOrderUpdateService"/>
    </bean>
	
  <alias name="defaultAcceleratorVariantOptionDataPopulator" alias="acceleratorVariantOptionDataPopulator"/>
  <bean id="defaultAcceleratorVariantOptionDataPopulator"
        class="bt.batelco.facades.populators.AcceleratorVariantOptionDataPopulator"
        parent="variantOptionDataPopulator">
    <property name="mediaService" ref="mediaService"/>
    <property name="mediaContainerService" ref="mediaContainerService"/>
    <property name="typeService" ref="typeService"/>
    <property name="imageFormatMapping" ref="imageFormatMapping"/>
    <property name="variantAttributeMapping">
      <map>
        <entry key="ApparelStyleVariantProduct.style" value="styleSwatch"/>
      </map>
    </property>
  </bean>


  <alias name="acceleratorGenderConverter" alias="genderConverter"/>
  <bean id="acceleratorGenderConverter" parent="abstractPopulatingConverter">
    <property name="targetClass" value="bt.batelco.facades.product.data.GenderData"/>
    <property name="populators">
      <list>
        <ref bean="genderDataPopulator"/>
      </list>
    </property>
  </bean>

  <alias name="defaultGenderDataPopulator" alias="genderDataPopulator"/>
  <bean id="defaultGenderDataPopulator" class="bt.batelco.facades.populators.GenderDataPopulator">
    <property name="typeService" ref="typeService"/>
  </bean>


  <!-- accelerator Image Format Mappings -->
  <alias name="acceleratorImageFormatMapping" alias="imageFormatMapping"/>
  <bean id="acceleratorImageFormatMapping" parent="defaultImageFormatMapping">
    <property name="mapping">
      <map>
        <entry key="original" value="original"/>
        <entry key="superZoom" value="1200Wx1200H"/>
        <entry key="zoom" value="515Wx515H"/>
        <entry key="store" value="365Wx246H"/>
        <entry key="product" value="600Wx600H"/>
        <entry key="thumbnail" value="300Wx300H"/>
        <entry key="cartIcon" value="65Wx65H"/>
        <entry key="cartItem" value="96Wx96H"/>
        <entry key="styleSwatch" value="30Wx30H"/>
      </map>
    </property>
  </bean>

  <alias name="acceleratorProductPrimaryImagePopulator" alias="productPrimaryImagePopulator"/>
  <bean id="acceleratorProductPrimaryImagePopulator" parent="defaultProductPrimaryImagePopulator">
    <property name="imageFormats">
      <list>
        <value>zoom</value>
        <value>product</value>
        <value>thumbnail</value>
        <value>cartIcon</value>
        <value>cartItem</value>
      </list>
    </property>
  </bean>

  <alias name="defaultBatelcoTmaVariantOptionDataMediaPopulator" alias="tmaVariantOptionDataMediaPopulator"/>
  <bean id="defaultBatelcoTmaVariantOptionDataMediaPopulator" parent="defaultTmaVariantOptionDataMediaPopulator">
    <property name="imageFormats">
      <list>
        <value>zoom</value>
        <value>original</value>
        <value>product</value>
        <value>thumbnail</value>
        <value>cartItem</value>
        <value>cartIcon</value>
        <value>styleSwatch</value>
      </list>
    </property>
  </bean>

  <bean id="customerEmailContext" class="bt.batelco.facades.process.email.context.CustomerEmailContext"
        parent="abstractEmailContext" scope="prototype">
    <property name="customerConverter" ref="customerConverter"/>
  </bean>

  <bean id="forgottenPasswordEmailContext"
        class="bt.batelco.facades.process.email.context.ForgottenPasswordEmailContext" parent="customerEmailContext"
        scope="prototype">
    <property name="customerConverter" ref="customerConverter"/>
  </bean>

  <bean id="orderNotificationEmailContext"
        class="bt.batelco.facades.process.email.context.OrderNotificationEmailContext" parent="abstractEmailContext"
        scope="prototype">
    <property name="orderConverter" ref="orderConverter"/>
  </bean>

  <bean id="quoteNotificationEmailContext"
        class="bt.batelco.facades.process.email.context.QuoteNotificationEmailContext" parent="abstractEmailContext"
        scope="prototype">
    <property name="quoteService" ref="quoteService"/>
    <property name="quoteConverter" ref="quoteConverter"/>
  </bean>

  <bean id="deliverySentEmailContext" class="bt.batelco.facades.process.email.context.DeliverySentEmailContext"
        parent="abstractEmailContext" scope="prototype">
    <property name="consignmentConverter" ref="consignmentConverter"/>
  </bean>

  <bean id="readyForPickupEmailContext" class="bt.batelco.facades.process.email.context.ReadyForPickupEmailContext"
        parent="abstractEmailContext" scope="prototype">
    <property name="consignmentConverter" ref="consignmentConverter"/>
  </bean>

  <bean id="orderCancelledEmailContext" class="bt.batelco.facades.process.email.context.OrderCancelledEmailContext"
        parent="abstractEmailContext" scope="prototype">
    <property name="orderConverter" ref="orderConverter"/>
  </bean>

  <bean id="orderRefundEmailContext" class="bt.batelco.facades.process.email.context.OrderRefundEmailContext"
        parent="abstractEmailContext" scope="prototype">
    <property name="orderConverter" ref="orderConverter"/>
  </bean>

  <bean id="orderStatusChangedEmailContext"
        class="bt.batelco.facades.process.email.context.OrderStatusChangedEmailContext" parent="abstractEmailContext"
        scope="prototype">
    <property name="orderConverter" ref="orderConverter"/>
  </bean>
  
  <!--Order status update Email Context-->
   <bean id="orderStatusUpdateEmailContext"
        class="bt.batelco.facades.process.email.context.OrderStatusUpdateEmailContext" parent="abstractEmailContext"
        scope="prototype">
    <property name="orderConverter" ref="orderConverter"/>
  </bean>
  

  <bean id="consignmentCollectionReminderEmailContext"
        class="bt.batelco.facades.process.email.context.ConsignmentCollectionReminderEmailContext"
        parent="abstractEmailContext" scope="prototype">
    <property name="consignmentConverter" ref="consignmentConverter"/>
    <property name="formatFactory" ref="formatFactory"/>
    <property name="customerServiceUncollectedConsignmentStrategy" ref="customerServiceUncollectedConsignmentStrategy"/>
    <property name="orderConverter" ref="orderConverter"/>
  </bean>


  <bean id="orderPartiallyModifiedEmailContext"
        class="bt.batelco.facades.process.email.context.OrderPartiallyModifiedEmailContext"
        parent="abstractEmailContext" scope="prototype">
    <property name="orderConverter" ref="orderConverter"/>
    <property name="orderEntryConverter" ref="orderEntryConverter"/>
    <property name="priceDataFactory" ref="priceDataFactory"/>
  </bean>

  <bean id="orderPartiallyCanceledEmailContext"
        class="bt.batelco.facades.process.email.context.OrderPartiallyCanceledEmailContext"
        parent="orderPartiallyModifiedEmailContext" scope="prototype">
  </bean>

  <bean id="orderPartiallyRefundedEmailContext"
        class="bt.batelco.facades.process.email.context.OrderPartiallyRefundedEmailContext"
        parent="orderPartiallyModifiedEmailContext" scope="prototype">
  </bean>

  <bean id="notPickedUpConsignmentCanceledEmailContext"
        class="bt.batelco.facades.process.email.context.NotPickedUpConsignmentCanceledEmailContext"
        parent="abstractEmailContext" scope="prototype">
    <property name="consignmentConverter" ref="consignmentConverter"/>
    <property name="priceDataFactory" ref="priceDataFactory"/>
  </bean>

  <alias name="yacceleratorSearchPagePointOfServiceDistancePopulator"
         alias="searchPagePointOfServiceDistancePopulator"/>
  <bean id="yacceleratorSearchPagePointOfServiceDistancePopulator"
        class="bt.batelco.facades.storefinder.populators.SearchPagePointOfServiceDistancePopulator">
    <property name="pointOfServiceDistanceConverter" ref="pointOfServiceDistanceConverter"/>
  </bean>

  <bean id="genderData" class="bt.batelco.facades.product.data.GenderData" scope="prototype"/>

  <bean id="batelcoProductPopulator" class="bt.batelco.facades.populators.BatelcoProductPopulator"/>

  <bean parent="modifyPopulatorList">
    <property name="list" ref="productBasicPopulatorList"/>
    <property name="add" ref="batelcoProductPopulator"/>
  </bean>

  <bean parent="modifyPopulatorList">
    <property name="list" ref="productBasicPopulatorList"/>
    <property name="add" ref="tmaProductOfferingPscvuPopulator"/>
  </bean>

  <bean parent="modifyPopulatorList">
    <property name="list" ref="productBasicPopulatorList"/>
    <property name="add" ref="productSubscriptionTermsPopulator"/>
  </bean>

  <alias name="defaultBatelcoTmaSubscriptionProductConverter" alias="tmaSubscriptionProductConverter"/>
  <bean id="defaultBatelcoTmaSubscriptionProductConverter" parent="abstractPopulatingConverter">
    <property name="targetClass" value="de.hybris.platform.commercefacades.product.data.ProductData"/>
    <property name="populators">
      <list>
        <ref bean="tmaSubscriptionProductPopulator"/>
        <ref bean="productSummaryPopulator"/>
        <ref bean="tmaProductOfferingProductSpecPopulator"/>
        <ref bean="productClassificationPopulator"/>
        <ref bean="tmaProductOfferingPscvuPopulator"/>
        <ref bean="productCategoriesPopulator"/>
      </list>
    </property>
  </bean>

	<alias name="defaultMergedSpoBundleTabsPopulator" alias="spoBundleTabsPopulator"/>
	<bean id="defaultMergedSpoBundleTabsPopulator"
				class="bt.batelco.facades.populators.MergedSpoBundleTabsPopulator"
				parent="baseProductPopulator" scope="prototype">
		<property name="bpoConverter" ref="bpoConverter"/>
		<property name="tmaPoService" ref="tmaPoService"/>
		<property name="tmaSubscriptionTermService" ref="tmaSubscriptionTermService"/>
		<property name="priceContextFactory" ref="tmaPriceContextFactory"/>
		<property name="tmaSubscriptionProductConverter" ref="tmaSubscriptionProductConverter"/>
		<property name="termOfServiceFrequencyConverter" ref="termOfServiceFrequencyConverter"/>
    <property name="deviceInstallmentConverter" ref="deviceInstallmentConverter"/>
    <property name="tmaPriceFacade" ref="tmaPriceFacade"/>
		<property name="bpoGroupService" ref="bundledProductOfferingGroupService"/>
	</bean>

  <alias name="batelcoTmaCartFacade" alias="tmaCartFacade"/>
  <bean id="batelcoTmaCartFacade" class="bt.batelco.facades.order.impl.BatelcoTmaCartFacade"
        parent="defaultTmaCartFacade"/>

 <alias name="defaultBatelcoCheckoutFacade" alias="acceleratorCheckoutFacade"/>
  <bean id="defaultBatelcoCheckoutFacade" class=" bt.batelco.facades.order.impl.DefaultBatelcoCheckoutFacade"
        parent="defaultAcceleratorCheckoutFacade">
    <property name="productFacade" ref="productFacade"/>
    <property name="batelcoPaymentModeService" ref="paymentModeService"/>
    <property name="paymentEligibilityService" ref="batelcoPaymentEligibilityService"/>
    <property name="paymentModeConverter" ref="paymentModeConverter"/>
    <property name="configService" ref="configProviderService"/>
    <property name="batelcoCustomerAccountService" ref="batelcoCustomerAccountService"/>
  </bean>

  <alias name="defaultBatelcoCheckoutFlow" alias="checkoutFlowFacade"/>
  <bean id="defaultBatelcoCheckoutFlow" class=" bt.batelco.facades.order.impl.DefaultBatelcoCheckoutFlow"
        parent="defaultCheckoutFlowFacade"/>

  <alias name="defaultInvoicePaymentInfoOrderPopulator" alias="invoicePaymentInfoOrderPopulator"/>
  <bean id="defaultInvoicePaymentInfoOrderPopulator"
        class="bt.batelco.facades.order.populators.InvoicePaymentInfoOrderPopulator">
    <property name="addressConverter" ref="addressConverter"/>
  </bean>

  <alias name="defaultCprDocumentDataOrderPopulator" alias="cprDocumentDataOrderPopulator"/>
  <bean id="defaultCprDocumentDataOrderPopulator"
        class="bt.batelco.facades.order.populators.CprDocumentDataOrderPopulator"/>

  <alias name="defaultSubscriptionTermOrderEntryPopulator" alias="subscriptionTermOrderEntryPopulator"/>
  <bean id="defaultSubscriptionTermOrderEntryPopulator"
        class="bt.batelco.facades.order.populators.SubscriptionTermOrderEntryPopulator">
    <property name="subscriptionTermConverter" ref="tmaSubscriptionTermConverter"/>
  </bean>

    <bean parent="modifyPopulatorList">
        <property name="list" ref="cartConverter"/>
        <property name="add" ref="cprDocumentDataOrderPopulator"/>
    </bean>


	<bean parent="modifyPopulatorList">
		<property name="list" ref="orderEntryConverter"/>
		<property name="add" ref="subscriptionTermOrderEntryPopulator"/>
	</bean>

  <bean parent="modifyPopulatorList">
    <property name="list" ref="extendedCartConverter"/>
    <property name="add" ref="invoicePaymentInfoOrderPopulator"/>
  </bean>

  <bean parent="modifyPopulatorList">
    <property name="list" ref="orderConverter"/>
    <property name="add" ref="invoicePaymentInfoOrderPopulator"/>
  </bean>

  <alias name="defaultMonthlyPriceOrderEntryPopulator" alias="monthlyPriceOrderEntryPopulator"/>
  <bean id="defaultMonthlyPriceOrderEntryPopulator"
        class="bt.batelco.facades.order.populators.MonthlyPriceOrderEntryPopulator">
    <property name="billingTimeConverter" ref="billingTimeConverter"/>
    <property name="priceDataFactory" ref="priceDataFactory"/>
  </bean>

  <bean parent="modifyPopulatorList">
    <property name="list" ref="orderEntryConverter"/>
    <property name="add" ref="monthlyPriceOrderEntryPopulator"/>
  </bean>

  <bean id="batelcoCartPopulator"
        class="bt.batelco.facades.cart.populator.BatelcoCartPopulator"/>

  <bean parent="modifyPopulatorList">
    <property name="list" ref="cartConverter"/>
    <property name="add" ref="batelcoCartPopulator"/>
  </bean>

  <bean parent="modifyPopulatorList">
    <property name="list" ref="extendedCartConverter"/>
    <property name="add" ref="batelcoCartPopulator"/>
  </bean>

  <bean id="batelcoRegisterAddressReversePopulator"
        class=" bt.batelco.facades.populators.BatelcoRegisterAddressReversePopulator">
    <property name="commonI18NService" ref="commonI18NService"/>
  </bean>

  <alias name="batelcoDefaultRegisterAddressReverseConverter" alias="batelcoRegisterAddressReverseConverter"/>
  <bean id="batelcoDefaultRegisterAddressReverseConverter" parent="abstractPopulatingConverter">
    <property name="targetClass" value="de.hybris.platform.core.model.user.AddressModel"/>
    <property name="populators">
      <list>
        <ref bean="batelcoRegisterAddressReversePopulator"/>
      </list>
    </property>
  </bean>

  <bean id="batelcoCountryFacade" class="bt.batelco.facades.country.impl.DefaultBatelcoCountryFacade">
    <property name="commonI18NService" ref="commonI18NService"/>
    <property name="baseStoreService" ref="baseStoreService"/>
    <property name="countryConverter" ref="countryConverter"/>
  </bean>
  
  <bean id="accountVOPopulator" class="bt.batelco.facades.account.populator.AccountVOPopulator"/>
  
  <alias name="defaultAccountVOConverter" alias="accountVOConverter"/>
  <bean id="defaultAccountVOConverter" parent="abstractPopulatingConverter">
    <property name="targetClass" value="bt.batelco.integration.bss.account.vo.AccountVO" />
    <property name="populators">
      <list>
        <ref bean="accountVOPopulator"/>
      </list>
    </property>
  </bean>
	
	<bean id="addAddressVOPopulator" class="bt.batelco.facades.address.populator.AddAddressVOPopulator"/>
  
  <alias name="defaultAddAddressVOConverter" alias="addAddressVOConverter"/>
  <bean id="defaultAddAddressVOConverter" parent="abstractPopulatingConverter">
    <property name="targetClass" value="bt.batelco.integration.bss.address.vo.AddAddressVO" />
    <property name="populators">
      <list>
        <ref bean="addAddressVOPopulator"/>
      </list>
    </property>
  </bean>
  
  <alias name="defaultBatelcoCustomerFacade" alias="customerFacade"/>
  <alias name="defaultBatelcoCustomerFacade" alias="batelcoCustomerFacade"/>
  <bean id="defaultBatelcoCustomerFacade" class="bt.batelco.facades.customer.impl.DefaultBatelcoCustomerFacade"
        parent="defaultTmaCustomerFacade">
    <property name="batelcoRegisterAddressReverseConverter" ref="batelcoRegisterAddressReverseConverter"/>
    <property name="batelcoCustomerAccountService" ref="batelcoCustomerAccountService"/>
    <property name="configProviderService" ref="configProviderService"/>
	<property name="processAddressService" ref="processAddressService"/>
	<property name="addAddressService" ref="addAddressService"/>
    <property name="addUpdateAccountService" ref="addUpdateAccountService"/>
    <property name="queryCustomerService" ref="queryCustomerService"/>
    <property name="accountVOConverter" ref="accountVOConverter" />
    <property name="addAddressVOConverter" ref="addAddressVOConverter" />
    <property name="userService" ref="userService"/>
  </bean>

  <alias name="defaultBatelcoConsensFacade" alias="consentFacade"/>
  <alias name="defaultBatelcoConsensFacade" alias="batelcoConsensFacade"/>
  <bean id="defaultBatelcoConsensFacade" class="bt.batelco.facades.consens.impl.DefaultBatelcoConsensFacade"
        parent="defaultConsentFacade">
    <property name="siteConfigService" ref="siteConfigService"/>
  </bean>

  <alias name="defaultBatelcoCustomerPopulator" alias="customerPopulator"/>
  <bean id="defaultBatelcoCustomerPopulator"
        class="bt.batelco.facades.populators.BatelcoCustomerPopulator" parent="defaultCustomerPopulator">
    <property name="addressConverter" ref="addressConverter"/>
  </bean>

  <alias name="batelcoCartFacade" alias="cartFacade"/>
  <bean id="batelcoCartFacade" class="bt.batelco.facades.cart.impl.DefaultBatelcoCartFacade" parent="defaultCartFacade">
    <property name="mediaService" ref="mediaService"/>
    <property name="cartConfigService" ref="cartConfigService"/>
    <property name="categoryService" ref="categoryService"/>
  </bean>

  <alias name="batelcoFileUploadFacade" alias="fileUploadFacade"/>
  <bean id="batelcoFileUploadFacade" class="bt.batelco.facades.fileupload.impl.DefaultFileUploadFacade">
    <property name="mediaService" ref="mediaService"/>
    <property name="cartConfigService" ref="cartConfigService"/>
    <property name="catalogVersionService" ref="catalogVersionService"/>
    <property name="guidKeyGenerator" ref="guidKeyGenerator"/>
    <property name="managerGroupId" value="managergroup"/>
    <property name="modelService" ref="modelService"/>
    <property name="cartService" ref="cartService"/>
    <property name="userService" ref="userService"/>
  </bean>

  <alias name="batelcoTmaSearchResultProductPopulator" alias="commerceSearchResultProductPopulator"/>
  <bean id="batelcoTmaSearchResultProductPopulator"
        class="bt.batelco.facades.search.solrfacetsearch.populators.BatelcoTmaSearchResultPoPopulator"
        parent="tmaSearchResultProductPopulator">
    <property name="batelcoStockFacade" ref="batelcoStockFacade"/>
  </bean>

  <alias name="defaultBatelcoStockFacade" alias="batelcoStockFacade"/>
  <bean id="defaultBatelcoStockFacade" class="bt.batelco.facades.stock.impl.DefaultBatelcoStockFacade">
    <property name="productService" ref="productService"/>
    <property name="stockConverter" ref="stockConverter"/>
    <property name="stockLevelStatusConverter" ref="stockLevelStatusConverter"/>
  </bean>


  <alias name="batelcoAcquisitionFormOrderEntryPopulator" alias="acquisitionFormOrderEntryPopulator"/>
  <bean id="batelcoAcquisitionFormOrderEntryPopulator"
        class="bt.batelco.facades.cart.populator.AcquisitionFormOrderEntryPopulator">
    <property name="cartFacade" ref="cartFacade"/>
    <property name="mediaService" ref="mediaService"/>
  </bean>

  <bean parent="modifyPopulatorList">
    <property name="list" ref="orderEntryConverter"/>
    <property name="add" ref="acquisitionFormOrderEntryPopulator"/>
  </bean>

  <alias name="batelcoProductOfferingBasicPopulator" alias="productBasicPopulator"/>
  <bean id="batelcoProductOfferingBasicPopulator" parent="tmaProductOfferingBasicPopulator"
        class="bt.batelco.facades.product.populators.BatelcoProductOfferingBasicPopulator"/>

  <alias name="defaultBatelcoProductDescriptionPopulator" alias="productDescriptionPopulator"/>
  <bean id="defaultBatelcoProductDescriptionPopulator" parent="defaultProductDescriptionPopulator"
        class="bt.batelco.facades.product.populators.BatelcoProductDescriptionPopulator"/>

  <alias name="defaultBatelcoProductSummaryPopulator" alias="productSummaryPopulator"/>
  <bean id="defaultBatelcoProductSummaryPopulator" parent="defaultProductSummaryPopulator"
        class="bt.batelco.facades.product.populators.BatelcoProductSummaryPopulator"/>

  <alias name="defaultBatelcoProductPrimaryImagePopulator" alias="productPrimaryImagePopulator"/>
  <bean id="defaultBatelcoProductPrimaryImagePopulator" parent="defaultProductPrimaryImagePopulator"
        class="bt.batelco.facades.product.populators.BatelcoProductPrimaryImagePopulator">
    <property name="imageFormats">
      <list>
        <value>zoom</value>
        <value>original</value>
        <value>product</value>
        <value>thumbnail</value>
        <value>cartItem</value>
        <value>cartIcon</value>
      </list>
    </property>
  </bean>

  <alias name="defaultBatelcoProductGalleryImagesPopulator" alias="productGalleryImagesPopulator"/>
  <bean id="defaultBatelcoProductGalleryImagesPopulator" parent="defaultProductGalleryImagesPopulator"
        class="bt.batelco.facades.product.populators.BatelcoProductGalleryImagesPopulator">
    <property name="imageFormats">
      <list>
        <value>superZoom</value>
        <value>zoom</value>
        <value>product</value>
        <value>thumbnail</value>
      </list>
    </property>
  </bean>

  <alias name="defaultBatelcoProductClassificationPopulator" alias="productClassificationPopulator"/>
  <bean id="defaultBatelcoProductClassificationPopulator" parent="defaultProductClassificationPopulator"
        class="bt.batelco.facades.product.populators.BatelcoProductClassificationPopulator"/>

  <alias name="defaultBatelcoProductUrlPopulator" alias="productUrlPopulator"/>
  <bean id="defaultBatelcoProductUrlPopulator" parent="defaultProductUrlPopulator"
        class="bt.batelco.facades.product.populators.BatelcoProductUrlPopulator"/>

  <alias name="defaultBatelcoPoPricePopulator" alias="tmaPoPricePopulator"/>
  <bean id="defaultBatelcoPoPricePopulator" class="bt.batelco.facades.price.converters.BatelcoPoPricePopulator"
        parent="defaultTmaPoPricePopulator">
    <property name="priceCalculationService" ref="batelcoPriceCalculationService"/>
    <property name="tmaPriceDataFactory" ref="tmaPriceDataFactory"/>
    <property name="oneTimeChargeEntryConverter" ref="oneTimeChargeEntryConverter"/>
    <property name="recurringChargeEntryConverter" ref="recurringChargeEntryConverter"/>
  </bean>

  <alias name="batelcoSubscriptionOrderEntryPopulator" alias="subscriptionOrderEntryPopulator"/>
  <bean id="batelcoSubscriptionOrderEntryPopulator"
        class="bt.batelco.facades.order.populators.BatelcoSubscriptionOrderEntryPopulator"
        parent="defaultSubscriptionOrderEntryPopulator">
    <property name="tmaPriceDataFactory" ref="tmaPriceDataFactory"/>
  </bean>

  <bean parent="modifyPopulatorList">
    <property name="list" ref="productPricePopulatorList"/>
    <property name="add" ref="tmaProductOfferingPricesPopulator"/>
  </bean>

  <bean parent="modifyPopulatorList">
    <property name="list" ref="productBasicPopulatorList"/>
    <property name="add" ref="defaultBatelcoProductUrlPopulator"/>
  </bean>

  <alias name="defaultBatelcoPriceDataFactory" alias="tmaPriceDataFactory"/>
  <alias name="defaultBatelcoPriceDataFactory" alias="priceDataFactory"/>
  <bean id="defaultBatelcoPriceDataFactory" class="bt.batelco.facades.product.impl.DefaultBatelcoPriceDataFactory"
        parent="defaultTmaPriceDataFactory"/>

  <alias name="defaultBatelcoSearchResultProductPopulator" alias="batelcoSearchResultProductPopulator"/>
  <bean id="defaultBatelcoSearchResultProductPopulator"
        class="bt.batelco.facades.populators.BatelcoSearchResultProductPopulator"/>

  <bean parent="modifyPopulatorList">
    <property name="list" ref="commerceSearchResultProductConverter"/>
    <property name="add" ref="batelcoSearchResultProductPopulator"/>
  </bean>

  <bean id="batelcoSolrSpoTermPopulator"
        class="bt.batelco.facades.populators.BatelcoSolrSpoTermPopulator">
    <property name="i18NService" ref="commonI18NService"/>
    <property name="priceDataFactory" ref="priceDataFactory"/>
  </bean>

  <bean parent="modifyPopulatorList">
    <property name="list" ref="commerceSearchResultProductConverter"/>
    <property name="add" ref="batelcoSolrSpoTermPopulator"/>
  </bean>

  <bean id="batelcoPoVariantsMinimumPricePopulator"
        class="bt.batelco.facades.populators.BatelcoPoVariantsMinimumPricePopulator">
    <property name="i18NService" ref="commonI18NService"/>
    <property name="priceDataFactory" ref="priceDataFactory"/>
  </bean>

  <bean parent="modifyPopulatorList">
    <property name="list" ref="productPricePopulatorList"/>
    <property name="add" ref="batelcoPoVariantsMinimumPricePopulator"/>
  </bean>

  <alias name="defaultBatelcoProductSubscriptionTermsPopulator" alias="productSubscriptionTermsPopulator"/>
  <bean id="defaultBatelcoProductSubscriptionTermsPopulator"
        class="bt.batelco.facades.product.populators.BatelcoProductSubscriptionTermsPopulator"
        parent="baseProductPopulator">
      <property name="subscriptionTermService" ref="tmaSubscriptionTermService"/>
      <property name="deviceInstallmentConverter" ref="deviceInstallmentConverter"/>
  </bean>

  <alias name="defaultBatelcoDeviceInstallmentPopulator" alias="deviceInstallmentPopulator"/>
  <bean id="defaultBatelcoDeviceInstallmentPopulator"
        class="bt.batelco.facades.price.converters.BatelcoDeviceInstallmentPopulator">
    <property name="termOfServiceFrequencyConverter" ref="termOfServiceFrequencyConverter"/>
  </bean>

  <alias name="defaultBatelcoDeviceInstallmentConverter" alias="deviceInstallmentConverter"/>
  <bean id="defaultBatelcoDeviceInstallmentConverter" parent="abstractPopulatingConverter">
    <property name="targetClass" value="bt.batelco.facades.product.data.DeviceInstalmentTerm"/>
    <property name="populators">
      <list merge="true">
        <ref bean="deviceInstallmentPopulator"/>
      </list>
    </property>
  </bean>

  <alias name="defaultBatelcoStockImportFacade" alias="stockImportFacade"/>
  <bean id="defaultBatelcoStockImportFacade" class="bt.batelco.facades.product.impl.DefaultStockImportFacade">
    <property name="productService" ref="productService"/>
    <property name="stockService" ref="defaultStockService"/>
    <property name="warehouseService" ref="warehouseService"/>
    <property name="catalogVersionService" ref="catalogVersionService"/>
  </bean>

  <alias name="defaultBatelcoMediaPopulator" alias="basicMediaModelPopulator"/>
  <alias name="defaultBatelcoMediaPopulator" alias="batelcoBasicMediaPopulator"/>
  <bean id="defaultBatelcoMediaPopulator"
        class="bt.batelco.facades.populators.BatelcoBasicMediaPopulator">
    <property name="uniqueItemIdentifierService" ref="cmsUniqueItemIdentifierService"/>
  </bean>

  <alias name="defaultMediaVersionPopulator" alias="mediaVersionPopulator"/>
  <bean id="defaultMediaVersionPopulator"
        class="bt.batelco.facades.mediaversion.populator.MediaVersionPopulator">
    <property name="mediaModelConverter" ref="mediaModelConverter"/>
  </bean>

  <alias name="defaultMediaVersionModelConverter" alias="mediaVersionModelConverter"/>
  <bean id="defaultMediaVersionModelConverter" parent="abstractPopulatingConverter">
    <property name="targetClass" value="bt.batelco.facades.mediaversion.data.MediaVersionData"/>
    <property name="populators">
      <list merge="true">
        <ref bean="mediaVersionPopulator"/>
      </list>
    </property>
  </bean>

  <alias name="defaultBatelcoConsentTemplatePopulator" alias="batelcoConsentTemplatePopulator"/>
  <bean id="defaultBatelcoConsentTemplatePopulator"
        class="bt.batelco.facades.consens.populator.BatelcoConsentTemplatePopulator">
    <property name="mediaVersionConverter" ref="mediaVersionModelConverter"/>
    <property name="baseSiteService" ref="baseSiteService"/>
    <property name="siteBaseUrlResolutionService" ref="siteBaseUrlResolutionService"/>
  </bean>

  <bean parent="modifyPopulatorList">
    <property name="list" ref="consentTemplateConverter"/>
    <property name="add" ref="batelcoConsentTemplatePopulator"/>
  </bean>

  <alias name="defaultBatelcoOrderEntryProductConverter" alias="orderEntryProductConverter"/>
  <bean id="defaultBatelcoOrderEntryProductConverter" parent="defaultOrderEntryProductConverter">
    <property name="populators">
      <list merge="true">
        <ref bean="batelcoProductPopulator"/>
      </list>
    </property>
  </bean>

  <alias name="batelcoContentPageModelToSiteMapUrlDataPopulator" alias="contentPageModelToSiteMapUrlDataPopulator"/>
  <bean id="batelcoContentPageModelToSiteMapUrlDataPopulator"
        class="bt.batelco.facades.populators.BatelcoContentPageModelToSiteMapUrlDataPopulator"
        parent="defaultContentPageModelToSiteMapUrlDataPopulator">
  </bean>

  <bean id="siteMapContext"
        class="bt.batelco.facades.sitemap.context.BatelcoSiteMapContext"
        scope="prototype">
    <property name="baseSiteService" ref="baseSiteService"/>
    <property name="siteBaseUrlResolutionService" ref="siteBaseUrlResolutionService"/>
    <property name="urlEncoderService" ref="urlEncoderService"/>
  </bean>

  <alias name="defaultBatelcoTmaProductOfferFacade" alias="batelcoTmaProductOfferFacade"/>
  <alias name="defaultBatelcoTmaProductOfferFacade" alias="tmaProductOfferFacade"/>
  <bean id="defaultBatelcoTmaProductOfferFacade"
        class="bt.batelco.facades.product.impl.DefaultBatelcoTmaProductOfferFacade" parent="defaultTmaProductOfferFacade">
    <property name="productModelUrlResolver" ref="productModelUrlResolver"/>
    <property name="baseSiteService" ref="baseSiteService"/>
    <property name="urlEncoderService" ref="urlEncoderService"/>
    <property name="siteBaseUrlResolutionService" ref="siteBaseUrlResolutionService"/>
  </bean>

  <bean id="exportProductJobPerformable"
        class="bt.batelco.facades.socialplatform.job.ExportProductJobPerformable"
        parent="abstractJobPerformable">
    <property name="batelcoExportProductFacade" ref="batelcoExportProductFacade"/>
    <property name="baseSiteService" ref="baseSiteService"/>
    <property name="impersonationService" ref="impersonationService"/>
  </bean>

  <alias name="defaultBatelcoExportProductFacade" alias="batelcoExportProductFacade"/>
  <bean id="defaultBatelcoExportProductFacade" class="bt.batelco.facades.product.impl.DefaultBatelcoExportProductFacade">
    <property name="exportProductConverter" ref="exportProductConverter"/>
    <property name="siteBaseUrlResolutionService" ref="siteBaseUrlResolutionService"/>
    <property name="baseSiteService" ref="baseSiteService"/>
    <property name="mediaService" ref="mediaService"/>
    <property name="modelService" ref="modelService"/>
    <property name="productService" ref="productService"/>
  </bean>

    <alias name="batelcoExportProductPopulator" alias="exportProductPopulator"/>
    <bean id="batelcoExportProductPopulator" class="bt.batelco.facades.product.populators.BatelcoExportProductPopulator">
      <property name="baseSiteService" ref="baseSiteService"/>
      <property name="productModelUrlResolver" ref="productModelUrlResolver"/>
      <property name="siteBaseUrlResolutionService" ref="siteBaseUrlResolutionService"/>
      <property name="productOfferFacade" ref="tmaProductOfferFacade"/>
      <property name="productConverter" ref="productConverter"/>
      <property name="productConfiguredPopulator" ref="productConfiguredPopulator"/>
      <property name="baseStoreService" ref="baseStoreService"/>
      <property name="priceDataFactory" ref="priceDataFactory"/>
      <property name="categoryService" ref="categoryService"/>
    </bean>

    <alias name="defaultExportProductConverter" alias="exportProductConverter"/>
    <bean id="defaultExportProductConverter" parent="abstractPopulatingConverter">
        <property name="targetClass" value="bt.batelco.facades.product.dto.ExportProductDTO"/>
        <property name="populators">
            <list>
                <ref bean="batelcoExportProductPopulator"/>
            </list>
        </property>
    </bean>

 <bean id="tmaProductSpecCharacteristicValuePopulator"
         class="bt.batelco.facades.payment.populators.BatelcoTmaProductSpecCharacteristicValuePopulator"/>

 <alias name="paymentModeConverter" alias="paymentModeConverter"/>
  <bean id="paymentModeConverter" parent="abstractPopulatingConverter">
    <property name="targetClass" value="bt.batelco.facades.payment.data.PaymentModeData" />
    <property name="populators">
      <list>
        <ref bean="paymentModePopulator"/>
      </list>
    </property>
  </bean>

  <bean id="paymentModePopulator" class="bt.batelco.facades.payment.populators.PaymentModeDataPopulator"/>

  <bean id="batelcoOrderPopulator" class="bt.batelco.facades.order.populators.BatelcoOrderPopulator">
    <property name="priceDataFactory" ref="priceDataFactory"/>
    <property name="billingTimeConverter" ref="billingTimeConverter"/>
    <property name="customerConverter" ref="customerConverter"/>
    <property name="configProviderService" ref="configProviderService"/>
  </bean>

  <bean parent="modifyPopulatorList">
    <property name="list" ref="orderConverter"/>
    <property name="add" ref="batelcoOrderPopulator"/>
  </bean>

<bean id="batelcoPaymentInfoPopulator"
        class="bt.batelco.facades.payment.populators.BatelcoPaymentInfoDataPopulator"/>

  <bean id="batelcoPaymentInfoConverter" parent="abstractPopulatingConverter">
    <property name="targetClass" value="bt.batelco.facades.order.data.BatelcoPaymentInfoData"/>
    <property name="populators">
      <list merge="true">
        <ref bean="batelcoPaymentInfoPopulator"/>
      </list>
    </property>
  </bean>

  <bean id="batelcoPaymentInfoOrderEntryPopulator"
        class="bt.batelco.facades.order.populators.PaymentInfoOrderEntryPopulator">
    <property name="batelcoPaymentInfoConverter" ref="batelcoPaymentInfoConverter"/>
  </bean>

  <bean parent="modifyPopulatorList">
    <property name="list" ref="orderEntryConverter"/>
    <property name="add" ref="batelcoPaymentInfoOrderEntryPopulator"/>
  </bean>


  
</beans>
