<?xml version="1.0" encoding="ISO-8859-1"?>
<!--
 [y] hybris Platform

 Copyright (c) 2018 SAP SE or an SAP affiliate company.  All rights reserved.

 This software is the confidential and proprietary information of SAP
 ("Confidential Information"). You shall not disclose such Confidential
 Information and shall use it only in accordance with the terms of the
 license agreement you entered into with SAP.
-->
<beans xmlns:xsi="http://www.w3.org/2001/XMLSchema-instance" xsi:noNamespaceSchemaLocation="beans.xsd">

  <enum class="de.hybris.platform.acceleratorservices.controllers.page.PageType">
    <value>CHECKOUT_DELIVERY_ADDRESS</value>
    <value>CHECKOUT_DELIVERY_METHOD</value>
    <value>CHECKOUT_PAYMENT</value>
    <value>CHECKOUT_SUMMARY</value>
  </enum>

<bean class="bt.batelco.facades.payment.data.PaymentModeData">
    <property name="code" type="java.lang.String"/>
    <property name="name" type="java.lang.String"/>
    <property name="description" type="java.lang.String"/>
    <property name="paymentType" type="String"/>
  </bean>

  <bean class="de.hybris.platform.commercefacades.product.data.ProductData">
    <property name="lowestInstallment" type="de.hybris.platform.commercefacades.product.data.PriceData"/>
    <property name="vatDescription" type="java.lang.String"/>
    <property name="boltons" type="List&lt;de.hybris.platform.commercefacades.product.data.ProductData>"/>
    <property name="devicePrices"
              type="java.util.Map&lt;java.lang.String,de.hybris.platform.commercefacades.product.data.PriceData>"/>
    <property name="bundleCode" type="java.lang.String"/>
    <property name="deviceInstallments" type="List&lt;bt.batelco.facades.product.data.DeviceInstalmentTerm>"/>
    <property name="isPreorder" type="java.lang.Boolean"/>
  </bean>

  <bean class="de.hybris.platform.b2ctelcofacades.data.BundleTabData">
    <property name="deviceInstallments" type="List&lt;bt.batelco.facades.product.data.DeviceInstalmentTerm>"/>
  </bean>

  <bean class="de.hybris.platform.b2ctelcofacades.data.FrequencyTabData">
    <property name="code" type="java.lang.String"/>
  </bean>

  <bean class="bt.batelco.facades.product.data.DeviceInstalmentTerm">
    <property name="code" type="java.lang.String"/>
    <property name="name" type="java.lang.String"/>
    <property name="frequency" type="de.hybris.platform.subscriptionfacades.data.TermOfServiceFrequencyData"/>
    <property name="contractTermNumber" type="java.lang.Integer"/>
  </bean>

  <bean class="bt.batelco.facades.product.data.GenderData">
    <property name="code" type="String"/>
    <property name="name" type="String"/>
  </bean>

  <bean class="bt.batelco.facades.order.data.PaymentInfoData">
    <property name="code" type="String"/>
    <property name="billingAddress" type="de.hybris.platform.commercefacades.user.data.AddressData"/>
  </bean>

  <bean class="bt.batelco.facades.order.data.DocumentData">
    <property name="fileName" type="String"/>
    <property name="fileSize" type="java.lang.Long"/>
  </bean>

  <bean class="bt.batelco.facades.order.data.InvoicePaymentInfoData"
        extends="bt.batelco.facades.order.data.PaymentInfoData">
  </bean>

  <bean class="de.hybris.platform.commercefacades.order.data.AbstractOrderData">
    <property name="batelcoPaymentInfo" type="bt.batelco.facades.order.data.InvoicePaymentInfoData"/>
    <property name="uploadedCprFront" type="bt.batelco.facades.order.data.DocumentData"/>
    <property name="uploadedCprBack" type="bt.batelco.facades.order.data.DocumentData"/>
    <property name="paymentEvidence" type="bt.batelco.facades.order.data.DocumentData"/>
    <property name="preorder" type="java.lang.Boolean"/>
    <property name="preorderFee" type="boolean"/>
	<property name="seibelOrderId" type="java.lang.String"/>
    <property name="deliveryPartnerName" type="java.lang.String"/>
    <property name="deliveryPartnerTrackingId" type="java.lang.String"/>
    <property name="deliveredDate" type="java.util.Date"/>
    <property name="remarks" type="java.lang.String"/>
     <property name="paymentMode" type="de.hybris.platform.core.model.order.payment.PaymentModeModel"/>
    <property name="onlineTotalPay" type="de.hybris.platform.commercefacades.product.data.PriceData"/>
    <property name="monthlyTotalPay" type="de.hybris.platform.commercefacades.product.data.PriceData"/>
    <property name="cprId" type="String"/>
    <property name="paymentType" type="bt.batelco.facades.payment.data.PaymentModeData"/>
    <property name="billingTime" type="de.hybris.platform.subscriptionfacades.data.BillingTimeData"/>
  </bean>

   <bean class="de.hybris.platform.commercefacades.user.data.CustomerData">
    <property name="cprId" type="String"/>
    <property name="idType" type="String"/>
    <property name="email" type="String"/>
  </bean>

  <bean class="de.hybris.platform.commercefacades.order.data.OrderEntryData">
    <property name="acquisitionFormUrl" type="String"/>
    <property name="subscriptionTerm" type="de.hybris.platform.subscriptionfacades.data.SubscriptionTermData"/>
    <property name="monthlyPrice" type="de.hybris.platform.subscriptionfacades.data.OrderEntryPriceData"/>
    <property name="uploadedAcquisitionFormData" type="bt.batelco.facades.order.data.DocumentData"/>
     <property name="paymentInfo" type="bt.batelco.facades.order.data.BatelcoPaymentInfoData"/>
  </bean>

  <bean class="de.hybris.platform.commercefacades.user.data.RegisterData">
    <property name="cprId" type="String"/>
    <property name="idType" type="String" />
    <property name="dob" type="String"/>
    <property name="phone" type="String"/>
    <property name="countryCode" type="String"/>
    <property name="city" type="String"/>
    <property name="flat" type="String"/>
    <property name="building" type="String"/>
    <property name="buildingName" type="String"/>
    <property name="road" type="String"/>
    <property name="block" type="String"/>
    <property name="addressLine1" type="String"/>
    <property name="addressLine2" type="String"/>
    <property name="zipCode" type="String"/>
    <property name="accountNumber" type="String" />
    <property name="gisAddressId" type="String" />
  </bean>


  <bean class="de.hybris.platform.commercefacades.product.data.PriceData">
    <property name="netValue" type="java.math.BigDecimal"/>
    <property name="formattedNetValue" type="java.lang.String"/>
    <property name="taxValue" type="java.math.BigDecimal"/>
    <property name="formattedTaxValue" type="java.lang.String"/>
  </bean>

  <bean class="de.hybris.platform.b2ctelcoservices.pricing.context.TmaPriceContext">
    <property name="parents"
              type="java.util.Set&lt;de.hybris.platform.b2ctelcoservices.model.TmaBundledProductOfferingModel>"/>
  </bean>

  <bean class="bt.batelco.facades.mediaversion.data.MediaVersionData">
    <property name="name" type="java.lang.String"/>
    <property name="media" type="de.hybris.platform.cmsfacades.data.MediaData"/>
    <property name="version" type="java.lang.Integer"/>
  </bean>

  <bean class="de.hybris.platform.commercefacades.consent.data.ConsentTemplateData">
    <property name="mediaVersion" type="bt.batelco.facades.mediaversion.data.MediaVersionData"/>
    <property name="mediaUrl" type="java.lang.String"/>
    <property name="withdrawable" type="java.lang.Boolean"/>
  </bean>

<bean class="de.hybris.platform.b2ctelcofacades.data.TmaProductSpecCharacteristicValueData">
     <!--  <property name="id" type="String"/>
      <property name="value" type="String"/>
      <property name="description" type="String"/>
      <property name="unitOfMeasurment" type="String"/>
      <property name="valueType" type="String"/> -->
      <property name="productSpecificCharacteristicId" type="String"/>
   </bean>

 <bean class="bt.batelco.facades.order.data.BatelcoPaymentInfoData">
    <property name="serviceNumber" type="String"/>
    <property name="serviceType" type="bt.batelco.core.enums.SubscriptionBaseType"/>
    <property name="serviceStatus" type="bt.batelco.core.enums.SubscriptionBaseStatus"/>
    <property name="billProfile" type="String"/>
    <property name="accountNumber" type="String"/>
    <property name="accountStatus" type="bt.batelco.core.enums.BillingAccountStatus"/>
  </bean>


</beans>
